strategy,R,P_max,loop_rate,ci_lo,ci_hi,n
greedy,3,30,1.0,1.0,1.0,150
greedy,3,45,1.0,1.0,1.0,150
greedy,3,60,1.0,1.0,1.0,150
greedy,3,90,1.0,1.0,1.0,150
greedy,3,120,1.0,1.0,1.0,150
greedy,4,30,1.0,1.0,1.0,150
greedy,4,45,1.0,1.0,1.0,150
greedy,4,60,1.0,1.0,1.0,150
greedy,4,90,1.0,1.0,1.0,150
greedy,4,120,1.0,1.0,1.0,150
greedy,5,30,0.9333,0.8,1.0,150
greedy,5,45,0.9333,0.8,1.0,150
greedy,5,60,0.9333,0.8,1.0,150
greedy,5,90,0.9333,0.8,1.0,150
greedy,5,120,0.9333,0.8,1.0,150
greedy,6,30,0.9333,0.8,1.0,150
greedy,6,45,0.9333,0.8,1.0,150
greedy,6,60,0.9333,0.8,1.0,150
greedy,6,90,0.9333,0.8,1.0,150
greedy,6,120,0.9333,0.8,1.0,150
greedy,7,30,0.9333,0.8,1.0,150
greedy,7,45,0.9333,0.8,1.0,150
greedy,7,60,0.9333,0.8,1.0,150
greedy,7,90,0.9333,0.8,1.0,150
greedy,7,120,0.9333,0.8,1.0,150
lt_temp_0.05,3,30,1.0,1.0,1.0,50
lt_temp_0.05,3,45,1.0,1.0,1.0,50
lt_temp_0.05,3,60,1.0,1.0,1.0,50
lt_temp_0.05,3,90,1.0,1.0,1.0,50
lt_temp_0.05,3,120,1.0,1.0,1.0,50
lt_temp_0.05,4,30,0.9,0.78,1.0,50
lt_temp_0.05,4,45,0.9,0.78,1.0,50
lt_temp_0.05,4,60,0.9,0.78,1.0,50
lt_temp_0.05,4,90,0.9,0.78,1.0,50
lt_temp_0.05,4,120,0.9,0.78,1.0,50
lt_temp_0.05,5,30,0.86,0.76,0.94,50
lt_temp_0.05,5,45,0.86,0.76,0.94,50
lt_temp_0.05,5,60,0.86,0.76,0.94,50
lt_temp_0.05,5,90,0.86,0.76,0.94,50
lt_temp_0.05,5,120,0.86,0.76,0.94,50
lt_temp_0.05,6,30,0.76,0.66,0.84,50
lt_temp_0.05,6,45,0.76,0.66,0.84,50
lt_temp_0.05,6,60,0.76,0.66,0.84,50
lt_temp_0.05,6,90,0.76,0.66,0.84,50
lt_temp_0.05,6,120,0.76,0.66,0.84,50
lt_temp_0.05,7,30,0.66,0.56,0.78,50
lt_temp_0.05,7,45,0.66,0.56,0.78,50
lt_temp_0.05,7,60,0.66,0.56,0.78,50
lt_temp_0.05,7,90,0.66,0.56,0.78,50
lt_temp_0.05,7,120,0.66,0.56,0.78,50
lt_temp_0.1,3,30,0.8867,0.84,0.9333,150
lt_temp_0.1,3,45,0.8867,0.84,0.9333,150
lt_temp_0.1,3,60,0.8867,0.84,0.9333,150
lt_temp_0.1,3,90,0.8867,0.84,0.9333,150
lt_temp_0.1,3,120,0.8867,0.84,0.9333,150
lt_temp_0.1,4,30,0.5,0.4067,0.5933,150
lt_temp_0.1,4,45,0.5,0.4067,0.5933,150
lt_temp_0.1,4,60,0.5,0.4067,0.5933,150
lt_temp_0.1,4,90,0.5,0.4067,0.5933,150
lt_temp_0.1,4,120,0.5,0.4067,0.5933,150
lt_temp_0.1,5,30,0.2867,0.2133,0.3733,150
lt_temp_0.1,5,45,0.2867,0.2133,0.3733,150
lt_temp_0.1,5,60,0.2867,0.2133,0.3733,150
lt_temp_0.1,5,90,0.2867,0.2133,0.3733,150
lt_temp_0.1,5,120,0.2867,0.2133,0.3733,150
lt_temp_0.1,6,30,0.1533,0.0933,0.2133,150
lt_temp_0.1,6,45,0.1533,0.0933,0.2133,150
lt_temp_0.1,6,60,0.1533,0.0933,0.2133,150
lt_temp_0.1,6,90,0.1533,0.0933,0.2133,150
lt_temp_0.1,6,120,0.1533,0.0933,0.2133,150
lt_temp_0.1,7,30,0.0667,0.0333,0.1002,150
lt_temp_0.1,7,45,0.0667,0.0333,0.1002,150
lt_temp_0.1,7,60,0.0667,0.0333,0.1002,150
lt_temp_0.1,7,90,0.0667,0.0333,0.1002,150
lt_temp_0.1,7,120,0.0667,0.0333,0.1002,150
lt_temp_0.15,3,30,0.42,0.28,0.54,50
lt_temp_0.15,3,45,0.42,0.28,0.54,50
lt_temp_0.15,3,60,0.42,0.28,0.54,50
lt_temp_0.15,3,90,0.42,0.28,0.54,50
lt_temp_0.15,3,120,0.42,0.28,0.54,50
lt_temp_0.15,4,30,0.06,0.02,0.1,50
lt_temp_0.15,4,45,0.06,0.02,0.1,50
lt_temp_0.15,4,60,0.06,0.02,0.1,50
lt_temp_0.15,4,90,0.06,0.02,0.1,50
lt_temp_0.15,4,120,0.06,0.02,0.1,50
lt_temp_0.15,5,30,0.0,0.0,0.0,50
lt_temp_0.15,5,45,0.0,0.0,0.0,50
lt_temp_0.15,5,60,0.0,0.0,0.0,50
lt_temp_0.15,5,90,0.0,0.0,0.0,50
lt_temp_0.15,5,120,0.0,0.0,0.0,50
lt_temp_0.15,6,30,0.0,0.0,0.0,50
lt_temp_0.15,6,45,0.0,0.0,0.0,50
lt_temp_0.15,6,60,0.0,0.0,0.0,50
lt_temp_0.15,6,90,0.0,0.0,0.0,50
lt_temp_0.15,6,120,0.0,0.0,0.0,50
lt_temp_0.15,7,30,0.0,0.0,0.0,50
lt_temp_0.15,7,45,0.0,0.0,0.0,50
lt_temp_0.15,7,60,0.0,0.0,0.0,50
lt_temp_0.15,7,90,0.0,0.0,0.0,50
lt_temp_0.15,7,120,0.0,0.0,0.0,50
lt_rep_penalty_1.3,3,30,0.32,0.2467,0.3867,150
lt_rep_penalty_1.3,3,45,0.32,0.2467,0.3867,150
lt_rep_penalty_1.3,3,60,0.32,0.2467,0.3867,150
lt_rep_penalty_1.3,3,90,0.32,0.2467,0.3867,150
lt_rep_penalty_1.3,3,120,0.32,0.2467,0.3867,150
lt_rep_penalty_1.3,4,30,0.1467,0.1,0.1868,150
lt_rep_penalty_1.3,4,45,0.1467,0.1,0.1868,150
lt_rep_penalty_1.3,4,60,0.1467,0.1,0.1868,150
lt_rep_penalty_1.3,4,90,0.1467,0.1,0.1868,150
lt_rep_penalty_1.3,4,120,0.1467,0.1,0.1868,150
lt_rep_penalty_1.3,5,30,0.0467,0.02,0.0733,150
lt_rep_penalty_1.3,5,45,0.0467,0.02,0.0733,150
lt_rep_penalty_1.3,5,60,0.0467,0.02,0.0733,150
lt_rep_penalty_1.3,5,90,0.0467,0.02,0.0733,150
lt_rep_penalty_1.3,5,120,0.0467,0.02,0.0733,150
lt_rep_penalty_1.3,6,30,0.02,0.0,0.04,150
lt_rep_penalty_1.3,6,45,0.02,0.0,0.04,150
lt_rep_penalty_1.3,6,60,0.02,0.0,0.04,150
lt_rep_penalty_1.3,6,90,0.02,0.0,0.04,150
lt_rep_penalty_1.3,6,120,0.02,0.0,0.04,150
lt_rep_penalty_1.3,7,30,0.0067,0.0,0.02,150
lt_rep_penalty_1.3,7,45,0.0067,0.0,0.02,150
lt_rep_penalty_1.3,7,60,0.0067,0.0,0.02,150
lt_rep_penalty_1.3,7,90,0.0067,0.0,0.02,150
lt_rep_penalty_1.3,7,120,0.0067,0.0,0.02,150
lt_no_repeat_4gram,3,30,0.0,0.0,0.0,150
lt_no_repeat_4gram,3,45,0.0,0.0,0.0,150
lt_no_repeat_4gram,3,60,0.0,0.0,0.0,150
lt_no_repeat_4gram,3,90,0.0,0.0,0.0,150
lt_no_repeat_4gram,3,120,0.0,0.0,0.0,150
lt_no_repeat_4gram,4,30,0.0,0.0,0.0,150
lt_no_repeat_4gram,4,45,0.0,0.0,0.0,150
lt_no_repeat_4gram,4,60,0.0,0.0,0.0,150
lt_no_repeat_4gram,4,90,0.0,0.0,0.0,150
lt_no_repeat_4gram,4,120,0.0,0.0,0.0,150
lt_no_repeat_4gram,5,30,0.0,0.0,0.0,150
lt_no_repeat_4gram,5,45,0.0,0.0,0.0,150
lt_no_repeat_4gram,5,60,0.0,0.0,0.0,150
lt_no_repeat_4gram,5,90,0.0,0.0,0.0,150
lt_no_repeat_4gram,5,120,0.0,0.0,0.0,150
lt_no_repeat_4gram,6,30,0.0,0.0,0.0,150
lt_no_repeat_4gram,6,45,0.0,0.0,0.0,150
lt_no_repeat_4gram,6,60,0.0,0.0,0.0,150
lt_no_repeat_4gram,6,90,0.0,0.0,0.0,150
lt_no_repeat_4gram,6,120,0.0,0.0,0.0,150
lt_no_repeat_4gram,7,30,0.0,0.0,0.0,150
lt_no_repeat_4gram,7,45,0.0,0.0,0.0,150
lt_no_repeat_4gram,7,60,0.0,0.0,0.0,150
lt_no_repeat_4gram,7,90,0.0,0.0,0.0,150
lt_no_repeat_4gram,7,120,0.0,0.0,0.0,150
lt_suffixmatch_a3.0,3,30,0.0,0.0,0.0,150
lt_suffixmatch_a3.0,3,45,0.0,0.0,0.0,150
lt_suffixmatch_a3.0,3,60,0.0,0.0,0.0,150
lt_suffixmatch_a3.0,3,90,0.0,0.0,0.0,150
lt_suffixmatch_a3.0,3,120,0.0,0.0,0.0,150
lt_suffixmatch_a3.0,4,30,0.0,0.0,0.0,150
lt_suffixmatch_a3.0,4,45,0.0,0.0,0.0,150
lt_suffixmatch_a3.0,4,60,0.0,0.0,0.0,150
lt_suffixmatch_a3.0,4,90,0.0,0.0,0.0,150
lt_suffixmatch_a3.0,4,120,0.0,0.0,0.0,150
lt_suffixmatch_a3.0,5,30,0.0,0.0,0.0,150
lt_suffixmatch_a3.0,5,45,0.0,0.0,0.0,150
lt_suffixmatch_a3.0,5,60,0.0,0.0,0.0,150
lt_suffixmatch_a3.0,5,90,0.0,0.0,0.0,150
lt_suffixmatch_a3.0,5,120,0.0,0.0,0.0,150
lt_suffixmatch_a3.0,6,30,0.0,0.0,0.0,150
lt_suffixmatch_a3.0,6,45,0.0,0.0,0.0,150
lt_suffixmatch_a3.0,6,60,0.0,0.0,0.0,150
lt_suffixmatch_a3.0,6,90,0.0,0.0,0.0,150
lt_suffixmatch_a3.0,6,120,0.0,0.0,0.0,150
lt_suffixmatch_a3.0,7,30,0.0,0.0,0.0,150
lt_suffixmatch_a3.0,7,45,0.0,0.0,0.0,150
lt_suffixmatch_a3.0,7,60,0.0,0.0,0.0,150
lt_suffixmatch_a3.0,7,90,0.0,0.0,0.0,150
lt_suffixmatch_a3.0,7,120,0.0,0.0,0.0,150
lt_fsd,3,30,0.0,0.0,0.0,150
lt_fsd,3,45,0.0,0.0,0.0,150
lt_fsd,3,60,0.0,0.0,0.0,150
lt_fsd,3,90,0.0,0.0,0.0,150
lt_fsd,3,120,0.0,0.0,0.0,150
lt_fsd,4,30,0.0,0.0,0.0,150
lt_fsd,4,45,0.0,0.0,0.0,150
lt_fsd,4,60,0.0,0.0,0.0,150
lt_fsd,4,90,0.0,0.0,0.0,150
lt_fsd,4,120,0.0,0.0,0.0,150
lt_fsd,5,30,0.0,0.0,0.0,150
lt_fsd,5,45,0.0,0.0,0.0,150
lt_fsd,5,60,0.0,0.0,0.0,150
lt_fsd,5,90,0.0,0.0,0.0,150
lt_fsd,5,120,0.0,0.0,0.0,150
lt_fsd,6,30,0.0,0.0,0.0,150
lt_fsd,6,45,0.0,0.0,0.0,150
lt_fsd,6,60,0.0,0.0,0.0,150
lt_fsd,6,90,0.0,0.0,0.0,150
lt_fsd,6,120,0.0,0.0,0.0,150
lt_fsd,7,30,0.0,0.0,0.0,150
lt_fsd,7,45,0.0,0.0,0.0,150
lt_fsd,7,60,0.0,0.0,0.0,150
lt_fsd,7,90,0.0,0.0,0.0,150
lt_fsd,7,120,0.0,0.0,0.0,150
lt_lzpenalty,3,30,0.0133,0.0,0.0333,150
lt_lzpenalty,3,45,0.0133,0.0,0.0333,150
lt_lzpenalty,3,60,0.0133,0.0,0.0333,150
lt_lzpenalty,3,90,0.0133,0.0,0.0333,150
lt_lzpenalty,3,120,0.0133,0.0,0.0333,150
lt_lzpenalty,4,30,0.0,0.0,0.0,150
lt_lzpenalty,4,45,0.0,0.0,0.0,150
lt_lzpenalty,4,60,0.0,0.0,0.0,150
lt_lzpenalty,4,90,0.0,0.0,0.0,150
lt_lzpenalty,4,120,0.0,0.0,0.0,150
lt_lzpenalty,5,30,0.0,0.0,0.0,150
lt_lzpenalty,5,45,0.0,0.0,0.0,150
lt_lzpenalty,5,60,0.0,0.0,0.0,150
lt_lzpenalty,5,90,0.0,0.0,0.0,150
lt_lzpenalty,5,120,0.0,0.0,0.0,150
lt_lzpenalty,6,30,0.0,0.0,0.0,150
lt_lzpenalty,6,45,0.0,0.0,0.0,150
lt_lzpenalty,6,60,0.0,0.0,0.0,150
lt_lzpenalty,6,90,0.0,0.0,0.0,150
lt_lzpenalty,6,120,0.0,0.0,0.0,150
lt_lzpenalty,7,30,0.0,0.0,0.0,150
lt_lzpenalty,7,45,0.0,0.0,0.0,150
lt_lzpenalty,7,60,0.0,0.0,0.0,150
lt_lzpenalty,7,90,0.0,0.0,0.0,150
lt_lzpenalty,7,120,0.0,0.0,0.0,150
lt_risk_only,3,30,0.3,0.2533,0.36,150
lt_risk_only,3,45,0.3,0.2533,0.36,150
lt_risk_only,3,60,0.3,0.2533,0.36,150
lt_risk_only,3,90,0.3,0.2533,0.36,150
lt_risk_only,3,120,0.3,0.2533,0.36,150
lt_risk_only,4,30,0.0733,0.04,0.1067,150
lt_risk_only,4,45,0.0733,0.04,0.1067,150
lt_risk_only,4,60,0.0733,0.04,0.1067,150
lt_risk_only,4,90,0.0733,0.04,0.1067,150
lt_risk_only,4,120,0.0733,0.04,0.1067,150
lt_risk_only,5,30,0.0267,0.0067,0.0467,150
lt_risk_only,5,45,0.0267,0.0067,0.0467,150
lt_risk_only,5,60,0.0267,0.0067,0.0467,150
lt_risk_only,5,90,0.0267,0.0067,0.0467,150
lt_risk_only,5,120,0.0267,0.0067,0.0467,150
lt_risk_only,6,30,0.0067,0.0,0.02,150
lt_risk_only,6,45,0.0067,0.0,0.02,150
lt_risk_only,6,60,0.0067,0.0,0.02,150
lt_risk_only,6,90,0.0067,0.0,0.02,150
lt_risk_only,6,120,0.0067,0.0,0.02,150
lt_risk_only,7,30,0.0,0.0,0.0,150
lt_risk_only,7,45,0.0,0.0,0.0,150
lt_risk_only,7,60,0.0,0.0,0.0,150
lt_risk_only,7,90,0.0,0.0,0.0,150
lt_risk_only,7,120,0.0,0.0,0.0,150
lt_adaptive,3,30,0.1333,0.0867,0.1867,150
lt_adaptive,3,45,0.1333,0.0867,0.1867,150
lt_adaptive,3,60,0.1333,0.0867,0.1867,150
lt_adaptive,3,90,0.1333,0.0867,0.1867,150
lt_adaptive,3,120,0.1333,0.0867,0.1867,150
lt_adaptive,4,30,0.0133,0.0,0.0333,150
lt_adaptive,4,45,0.0133,0.0,0.0333,150
lt_adaptive,4,60,0.0133,0.0,0.0333,150
lt_adaptive,4,90,0.0133,0.0,0.0333,150
lt_adaptive,4,120,0.0133,0.0,0.0333,150
lt_adaptive,5,30,0.0,0.0,0.0,150
lt_adaptive,5,45,0.0,0.0,0.0,150
lt_adaptive,5,60,0.0,0.0,0.0,150
lt_adaptive,5,90,0.0,0.0,0.0,150
lt_adaptive,5,120,0.0,0.0,0.0,150
lt_adaptive,6,30,0.0,0.0,0.0,150
lt_adaptive,6,45,0.0,0.0,0.0,150
lt_adaptive,6,60,0.0,0.0,0.0,150
lt_adaptive,6,90,0.0,0.0,0.0,150
lt_adaptive,6,120,0.0,0.0,0.0,150
lt_adaptive,7,30,0.0,0.0,0.0,150
lt_adaptive,7,45,0.0,0.0,0.0,150
lt_adaptive,7,60,0.0,0.0,0.0,150
lt_adaptive,7,90,0.0,0.0,0.0,150
lt_adaptive,7,120,0.0,0.0,0.0,150
lt_dual_eps0.01,3,30,0.0,0.0,0.0,150
lt_dual_eps0.01,3,45,0.0,0.0,0.0,150
lt_dual_eps0.01,3,60,0.0,0.0,0.0,150
lt_dual_eps0.01,3,90,0.0,0.0,0.0,150
lt_dual_eps0.01,3,120,0.0,0.0,0.0,150
lt_dual_eps0.01,4,30,0.0,0.0,0.0,150
lt_dual_eps0.01,4,45,0.0,0.0,0.0,150
lt_dual_eps0.01,4,60,0.0,0.0,0.0,150
lt_dual_eps0.01,4,90,0.0,0.0,0.0,150
lt_dual_eps0.01,4,120,0.0,0.0,0.0,150
lt_dual_eps0.01,5,30,0.0,0.0,0.0,150
lt_dual_eps0.01,5,45,0.0,0.0,0.0,150
lt_dual_eps0.01,5,60,0.0,0.0,0.0,150
lt_dual_eps0.01,5,90,0.0,0.0,0.0,150
lt_dual_eps0.01,5,120,0.0,0.0,0.0,150
lt_dual_eps0.01,6,30,0.0,0.0,0.0,150
lt_dual_eps0.01,6,45,0.0,0.0,0.0,150
lt_dual_eps0.01,6,60,0.0,0.0,0.0,150
lt_dual_eps0.01,6,90,0.0,0.0,0.0,150
lt_dual_eps0.01,6,120,0.0,0.0,0.0,150
lt_dual_eps0.01,7,30,0.0,0.0,0.0,150
lt_dual_eps0.01,7,45,0.0,0.0,0.0,150
lt_dual_eps0.01,7,60,0.0,0.0,0.0,150
lt_dual_eps0.01,7,90,0.0,0.0,0.0,150
lt_dual_eps0.01,7,120,0.0,0.0,0.0,150
lt_dual_eps0.05,3,30,0.0,0.0,0.0,150
lt_dual_eps0.05,3,45,0.0,0.0,0.0,150
lt_dual_eps0.05,3,60,0.0,0.0,0.0,150
lt_dual_eps0.05,3,90,0.0,0.0,0.0,150
lt_dual_eps0.05,3,120,0.0,0.0,0.0,150
lt_dual_eps0.05,4,30,0.0,0.0,0.0,150
lt_dual_eps0.05,4,45,0.0,0.0,0.0,150
lt_dual_eps0.05,4,60,0.0,0.0,0.0,150
lt_dual_eps0.05,4,90,0.0,0.0,0.0,150
lt_dual_eps0.05,4,120,0.0,0.0,0.0,150
lt_dual_eps0.05,5,30,0.0,0.0,0.0,150
lt_dual_eps0.05,5,45,0.0,0.0,0.0,150
lt_dual_eps0.05,5,60,0.0,0.0,0.0,150
lt_dual_eps0.05,5,90,0.0,0.0,0.0,150
lt_dual_eps0.05,5,120,0.0,0.0,0.0,150
lt_dual_eps0.05,6,30,0.0,0.0,0.0,150
lt_dual_eps0.05,6,45,0.0,0.0,0.0,150
lt_dual_eps0.05,6,60,0.0,0.0,0.0,150
lt_dual_eps0.05,6,90,0.0,0.0,0.0,150
lt_dual_eps0.05,6,120,0.0,0.0,0.0,150
lt_dual_eps0.05,7,30,0.0,0.0,0.0,150
lt_dual_eps0.05,7,45,0.0,0.0,0.0,150
lt_dual_eps0.05,7,60,0.0,0.0,0.0,150
lt_dual_eps0.05,7,90,0.0,0.0,0.0,150
lt_dual_eps0.05,7,120,0.0,0.0,0.0,150
