experiment,strategy,R,P_max,loop_rate,ci_lo,ci_hi,n
olmo,temperature_reference,4,10,0.06,0.0,0.18,50
olmo,temperature_reference,4,15,0.12,0.02,0.26,50
olmo,temperature_reference,4,20,0.18,0.08,0.3,50
olmo,temperature_reference,4,30,0.32,0.16,0.52,50
olmo,temperature_reference,4,40,0.36,0.2,0.56,50
olmo,temperature_reference,5,10,0.06,0.0,0.18,50
olmo,temperature_reference,5,15,0.12,0.02,0.26,50
olmo,temperature_reference,5,20,0.18,0.08,0.3,50
olmo,temperature_reference,5,30,0.28,0.16,0.44,50
olmo,temperature_reference,5,40,0.28,0.16,0.44,50
olmo,temperature_reference,6,10,0.06,0.0,0.18,50
olmo,temperature_reference,6,15,0.1,0.0,0.24,50
olmo,temperature_reference,6,20,0.12,0.0,0.26,50
olmo,temperature_reference,6,30,0.18,0.0395,0.36,50
olmo,temperature_reference,6,40,0.18,0.0395,0.36,50
olmo,temperature_reference,7,10,0.06,0.0,0.18,50
olmo,temperature_reference,7,15,0.1,0.0,0.24,50
olmo,temperature_reference,7,20,0.12,0.0,0.26,50
olmo,temperature_reference,7,30,0.12,0.0,0.26,50
olmo,temperature_reference,7,40,0.12,0.0,0.26,50
olmo,temperature_reference,8,10,0.06,0.0,0.18,50
olmo,temperature_reference,8,15,0.1,0.0,0.24,50
olmo,temperature_reference,8,20,0.1,0.0,0.24,50
olmo,temperature_reference,8,30,0.1,0.0,0.24,50
olmo,temperature_reference,8,40,0.1,0.0,0.24,50
olmo,lt_suffixmatch_a3.0,4,10,0.0,0.0,0.0,50
olmo,lt_suffixmatch_a3.0,4,15,0.0,0.0,0.0,50
olmo,lt_suffixmatch_a3.0,4,20,0.0,0.0,0.0,50
olmo,lt_suffixmatch_a3.0,4,30,0.0,0.0,0.0,50
olmo,lt_suffixmatch_a3.0,4,40,0.0,0.0,0.0,50
olmo,lt_suffixmatch_a3.0,5,10,0.0,0.0,0.0,50
olmo,lt_suffixmatch_a3.0,5,15,0.0,0.0,0.0,50
olmo,lt_suffixmatch_a3.0,5,20,0.0,0.0,0.0,50
olmo,lt_suffixmatch_a3.0,5,30,0.0,0.0,0.0,50
olmo,lt_suffixmatch_a3.0,5,40,0.0,0.0,0.0,50
olmo,lt_suffixmatch_a3.0,6,10,0.0,0.0,0.0,50
olmo,lt_suffixmatch_a3.0,6,15,0.0,0.0,0.0,50
olmo,lt_suffixmatch_a3.0,6,20,0.0,0.0,0.0,50
olmo,lt_suffixmatch_a3.0,6,30,0.0,0.0,0.0,50
olmo,lt_suffixmatch_a3.0,6,40,0.0,0.0,0.0,50
olmo,lt_suffixmatch_a3.0,7,10,0.0,0.0,0.0,50
olmo,lt_suffixmatch_a3.0,7,15,0.0,0.0,0.0,50
olmo,lt_suffixmatch_a3.0,7,20,0.0,0.0,0.0,50
olmo,lt_suffixmatch_a3.0,7,30,0.0,0.0,0.0,50
olmo,lt_suffixmatch_a3.0,7,40,0.0,0.0,0.0,50
olmo,lt_suffixmatch_a3.0,8,10,0.0,0.0,0.0,50
olmo,lt_suffixmatch_a3.0,8,15,0.0,0.0,0.0,50
olmo,lt_suffixmatch_a3.0,8,20,0.0,0.0,0.0,50
olmo,lt_suffixmatch_a3.0,8,30,0.0,0.0,0.0,50
olmo,lt_suffixmatch_a3.0,8,40,0.0,0.0,0.0,50
olmo,lt_fsd,4,10,0.0,0.0,0.0,50
olmo,lt_fsd,4,15,0.0,0.0,0.0,50
olmo,lt_fsd,4,20,0.0,0.0,0.0,50
olmo,lt_fsd,4,30,0.0,0.0,0.0,50
olmo,lt_fsd,4,40,0.0,0.0,0.0,50
olmo,lt_fsd,5,10,0.0,0.0,0.0,50
olmo,lt_fsd,5,15,0.0,0.0,0.0,50
olmo,lt_fsd,5,20,0.0,0.0,0.0,50
olmo,lt_fsd,5,30,0.0,0.0,0.0,50
olmo,lt_fsd,5,40,0.0,0.0,0.0,50
olmo,lt_fsd,6,10,0.0,0.0,0.0,50
olmo,lt_fsd,6,15,0.0,0.0,0.0,50
olmo,lt_fsd,6,20,0.0,0.0,0.0,50
olmo,lt_fsd,6,30,0.0,0.0,0.0,50
olmo,lt_fsd,6,40,0.0,0.0,0.0,50
olmo,lt_fsd,7,10,0.0,0.0,0.0,50
olmo,lt_fsd,7,15,0.0,0.0,0.0,50
olmo,lt_fsd,7,20,0.0,0.0,0.0,50
olmo,lt_fsd,7,30,0.0,0.0,0.0,50
olmo,lt_fsd,7,40,0.0,0.0,0.0,50
olmo,lt_fsd,8,10,0.0,0.0,0.0,50
olmo,lt_fsd,8,15,0.0,0.0,0.0,50
olmo,lt_fsd,8,20,0.0,0.0,0.0,50
olmo,lt_fsd,8,30,0.0,0.0,0.0,50
olmo,lt_fsd,8,40,0.0,0.0,0.0,50
olmo,lt_risk_only,4,10,0.06,0.0,0.18,50
olmo,lt_risk_only,4,15,0.1,0.02,0.22,50
olmo,lt_risk_only,4,20,0.12,0.0395,0.24,50
olmo,lt_risk_only,4,30,0.18,0.06,0.34,50
olmo,lt_risk_only,4,40,0.2,0.08,0.36,50
olmo,lt_risk_only,5,10,0.06,0.0,0.18,50
olmo,lt_risk_only,5,15,0.1,0.02,0.22,50
olmo,lt_risk_only,5,20,0.12,0.0395,0.24,50
olmo,lt_risk_only,5,30,0.16,0.06,0.28,50
olmo,lt_risk_only,5,40,0.16,0.06,0.28,50
olmo,lt_risk_only,6,10,0.06,0.0,0.18,50
olmo,lt_risk_only,6,15,0.1,0.02,0.22,50
olmo,lt_risk_only,6,20,0.12,0.0395,0.24,50
olmo,lt_risk_only,6,30,0.14,0.04,0.28,50
olmo,lt_risk_only,6,40,0.14,0.04,0.28,50
olmo,lt_risk_only,7,10,0.06,0.0,0.18,50
olmo,lt_risk_only,7,15,0.08,0.0,0.2,50
olmo,lt_risk_only,7,20,0.08,0.0,0.2,50
olmo,lt_risk_only,7,30,0.08,0.0,0.2,50
olmo,lt_risk_only,7,40,0.08,0.0,0.2,50
olmo,lt_risk_only,8,10,0.06,0.0,0.18,50
olmo,lt_risk_only,8,15,0.06,0.0,0.18,50
olmo,lt_risk_only,8,20,0.06,0.0,0.18,50
olmo,lt_risk_only,8,30,0.06,0.0,0.18,50
olmo,lt_risk_only,8,40,0.06,0.0,0.18,50
olmo,lt_adaptive,4,10,0.0,0.0,0.0,50
olmo,lt_adaptive,4,15,0.06,0.0,0.14,50
olmo,lt_adaptive,4,20,0.06,0.0,0.14,50
olmo,lt_adaptive,4,30,0.1,0.02,0.2,50
olmo,lt_adaptive,4,40,0.1,0.02,0.2,50
olmo,lt_adaptive,5,10,0.0,0.0,0.0,50
olmo,lt_adaptive,5,15,0.04,0.0,0.1,50
olmo,lt_adaptive,5,20,0.04,0.0,0.1,50
olmo,lt_adaptive,5,30,0.04,0.0,0.1,50
olmo,lt_adaptive,5,40,0.04,0.0,0.1,50
olmo,lt_adaptive,6,10,0.0,0.0,0.0,50
olmo,lt_adaptive,6,15,0.02,0.0,0.06,50
olmo,lt_adaptive,6,20,0.02,0.0,0.06,50
olmo,lt_adaptive,6,30,0.02,0.0,0.06,50
olmo,lt_adaptive,6,40,0.02,0.0,0.06,50
olmo,lt_adaptive,7,10,0.0,0.0,0.0,50
olmo,lt_adaptive,7,15,0.02,0.0,0.06,50
olmo,lt_adaptive,7,20,0.02,0.0,0.06,50
olmo,lt_adaptive,7,30,0.02,0.0,0.06,50
olmo,lt_adaptive,7,40,0.02,0.0,0.06,50
olmo,lt_adaptive,8,10,0.0,0.0,0.0,50
olmo,lt_adaptive,8,15,0.0,0.0,0.0,50
olmo,lt_adaptive,8,20,0.0,0.0,0.0,50
olmo,lt_adaptive,8,30,0.0,0.0,0.0,50
olmo,lt_adaptive,8,40,0.0,0.0,0.0,50
olmo,lt_dual_eps0.01,4,10,0.0,0.0,0.0,50
olmo,lt_dual_eps0.01,4,15,0.0,0.0,0.0,50
olmo,lt_dual_eps0.01,4,20,0.0,0.0,0.0,50
olmo,lt_dual_eps0.01,4,30,0.0,0.0,0.0,50
olmo,lt_dual_eps0.01,4,40,0.0,0.0,0.0,50
olmo,lt_dual_eps0.01,5,10,0.0,0.0,0.0,50
olmo,lt_dual_eps0.01,5,15,0.0,0.0,0.0,50
olmo,lt_dual_eps0.01,5,20,0.0,0.0,0.0,50
olmo,lt_dual_eps0.01,5,30,0.0,0.0,0.0,50
olmo,lt_dual_eps0.01,5,40,0.0,0.0,0.0,50
olmo,lt_dual_eps0.01,6,10,0.0,0.0,0.0,50
olmo,lt_dual_eps0.01,6,15,0.0,0.0,0.0,50
olmo,lt_dual_eps0.01,6,20,0.0,0.0,0.0,50
olmo,lt_dual_eps0.01,6,30,0.0,0.0,0.0,50
olmo,lt_dual_eps0.01,6,40,0.0,0.0,0.0,50
olmo,lt_dual_eps0.01,7,10,0.0,0.0,0.0,50
olmo,lt_dual_eps0.01,7,15,0.0,0.0,0.0,50
olmo,lt_dual_eps0.01,7,20,0.0,0.0,0.0,50
olmo,lt_dual_eps0.01,7,30,0.0,0.0,0.0,50
olmo,lt_dual_eps0.01,7,40,0.0,0.0,0.0,50
olmo,lt_dual_eps0.01,8,10,0.0,0.0,0.0,50
olmo,lt_dual_eps0.01,8,15,0.0,0.0,0.0,50
olmo,lt_dual_eps0.01,8,20,0.0,0.0,0.0,50
olmo,lt_dual_eps0.01,8,30,0.0,0.0,0.0,50
olmo,lt_dual_eps0.01,8,40,0.0,0.0,0.0,50
olmo,lt_dual_eps0.05,4,10,0.0,0.0,0.0,50
olmo,lt_dual_eps0.05,4,15,0.0,0.0,0.0,50
olmo,lt_dual_eps0.05,4,20,0.0,0.0,0.0,50
olmo,lt_dual_eps0.05,4,30,0.0,0.0,0.0,50
olmo,lt_dual_eps0.05,4,40,0.0,0.0,0.0,50
olmo,lt_dual_eps0.05,5,10,0.0,0.0,0.0,50
olmo,lt_dual_eps0.05,5,15,0.0,0.0,0.0,50
olmo,lt_dual_eps0.05,5,20,0.0,0.0,0.0,50
olmo,lt_dual_eps0.05,5,30,0.0,0.0,0.0,50
olmo,lt_dual_eps0.05,5,40,0.0,0.0,0.0,50
olmo,lt_dual_eps0.05,6,10,0.0,0.0,0.0,50
olmo,lt_dual_eps0.05,6,15,0.0,0.0,0.0,50
olmo,lt_dual_eps0.05,6,20,0.0,0.0,0.0,50
olmo,lt_dual_eps0.05,6,30,0.0,0.0,0.0,50
olmo,lt_dual_eps0.05,6,40,0.0,0.0,0.0,50
olmo,lt_dual_eps0.05,7,10,0.0,0.0,0.0,50
olmo,lt_dual_eps0.05,7,15,0.0,0.0,0.0,50
olmo,lt_dual_eps0.05,7,20,0.0,0.0,0.0,50
olmo,lt_dual_eps0.05,7,30,0.0,0.0,0.0,50
olmo,lt_dual_eps0.05,7,40,0.0,0.0,0.0,50
olmo,lt_dual_eps0.05,8,10,0.0,0.0,0.0,50
olmo,lt_dual_eps0.05,8,15,0.0,0.0,0.0,50
olmo,lt_dual_eps0.05,8,20,0.0,0.0,0.0,50
olmo,lt_dual_eps0.05,8,30,0.0,0.0,0.0,50
olmo,lt_dual_eps0.05,8,40,0.0,0.0,0.0,50
